frame,player_id,tacticam_bbox,broadcast_bbox
0,1,"[903, 158, 939, 206]","[1423, 741, 1494, 911]"
0,2,"[1026, 147, 1051, 194]","[1359, 436, 1437, 525]"
0,3,"[468, 75, 500, 120]","[1298, 263, 1335, 315]"
1,4,"[1660, 461, 1698, 524]","[1426, 675, 1499, 829]"
1,5,"[1303, 810, 1326, 889]","[1279, 260, 1332, 328]"
2,6,"[896, 576, 928, 639]","[1369, 663, 1455, 803]"
2,7,"[459, 74, 497, 118]","[1177, 494, 1236, 563]"
2,8,"[896, 576, 928, 639]","[1261, 473, 1325, 574]"
2,9,"[1708, 320, 1753, 383]","[914, 378, 999, 467]"
3,10,"[890, 575, 930, 640]","[927, 363, 1014, 466]"
3,11,"[1015, 145, 1046, 193]","[167, 249, 215, 346]"
4,12,"[837, 240, 874, 289]","[944, 362, 1026, 437]"
4,13,"[837, 240, 874, 289]","[464, 268, 524, 369]"
4,14,"[837, 240, 874, 289]","[977, 588, 1077, 702]"
4,15,"[837, 240, 874, 289]","[471, 329, 540, 433]"
5,16,"[319, 794, 371, 867]","[1555, 709, 1640, 840]"
5,17,"[932, 266, 967, 327]","[599, 752, 659, 886]"
5,18,"[432, 205, 481, 261]","[1215, 455, 1279, 549]"
5,19,"[319, 794, 371, 867]","[877, 575, 934, 671]"
5,20,"[1128, 481, 1156, 543]","[815, 554, 863, 645]"
5,21,"[286, 438, 319, 502]","[1650, 440, 1712, 520]"
5,22,"[286, 438, 319, 502]","[1467, 417, 1515, 502]"
5,23,"[432, 205, 481, 261]","[825, 611, 900, 714]"
5,24,"[763, 398, 796, 456]","[1730, 588, 1766, 693]"
5,25,"[834, 241, 874, 289]","[1551, 482, 1607, 578]"
5,26,"[432, 205, 481, 261]","[1568, 556, 1625, 659]"
6,27,"[871, 575, 927, 638]","[1550, 711, 1651, 833]"
6,28,"[300, 518, 346, 587]","[833, 617, 899, 719]"
6,29,"[300, 518, 346, 587]","[807, 557, 867, 659]"
6,30,"[934, 267, 969, 327]","[602, 751, 668, 879]"
6,31,"[312, 793, 362, 867]","[883, 575, 949, 671]"
6,32,"[300, 518, 346, 587]","[1225, 458, 1273, 551]"
6,33,"[763, 398, 786, 455]","[1736, 589, 1783, 694]"
6,34,"[312, 793, 362, 867]","[1644, 444, 1711, 518]"
6,35,"[830, 240, 873, 291]","[1569, 551, 1639, 660]"
6,36,"[871, 575, 927, 638]","[1469, 419, 1527, 504]"
6,37,"[830, 240, 873, 291]","[1551, 484, 1616, 575]"
6,38,"[1478, 223, 1509, 272]","[1468, 397, 1504, 464]"
7,39,"[299, 516, 347, 585]","[803, 560, 872, 663]"
7,40,"[305, 793, 351, 867]","[1547, 713, 1614, 831]"
7,41,"[938, 267, 968, 327]","[607, 751, 676, 874]"
7,42,"[871, 576, 921, 640]","[1650, 446, 1712, 525]"
7,43,"[305, 793, 351, 867]","[891, 575, 955, 669]"
7,44,"[759, 396, 781, 455]","[1742, 590, 1796, 695]"
7,45,"[299, 516, 347, 585]","[838, 615, 893, 724]"
7,46,"[299, 516, 347, 585]","[1235, 462, 1280, 553]"
7,47,"[305, 793, 351, 867]","[1546, 713, 1645, 832]"
7,48,"[299, 516, 347, 585]","[1571, 555, 1649, 658]"
7,49,"[871, 576, 921, 640]","[1474, 424, 1532, 507]"
7,50,"[299, 516, 347, 585]","[1547, 487, 1595, 581]"
7,51,"[1713, 324, 1737, 383]","[0, 501, 31, 608]"
7,52,"[1131, 347, 1158, 403]","[1483, 403, 1522, 447]"
8,53,"[754, 394, 783, 454]","[1748, 591, 1809, 696]"
8,54,"[1665, 460, 1699, 524]","[613, 752, 676, 877]"
8,55,"[299, 791, 346, 866]","[1540, 718, 1613, 839]"
8,56,"[1116, 479, 1158, 542]","[808, 565, 876, 666]"
8,57,"[868, 576, 912, 640]","[898, 578, 951, 666]"
8,58,"[299, 791, 346, 866]","[1244, 463, 1295, 558]"
8,59,"[298, 515, 347, 579]","[1568, 568, 1653, 661]"
8,60,"[1116, 479, 1158, 542]","[839, 616, 892, 725]"
8,61,"[299, 791, 346, 866]","[1662, 450, 1701, 531]"
8,62,"[868, 576, 912, 640]","[1484, 428, 1530, 513]"
8,63,"[721, 344, 757, 398]","[1552, 490, 1618, 587]"
8,64,"[864, 148, 889, 190]","[0, 505, 41, 610]"
8,65,"[1006, 147, 1029, 195]","[1497, 402, 1536, 447]"
9,66,"[1302, 811, 1348, 889]","[1536, 721, 1642, 845]"
9,67,"[298, 515, 344, 579]","[817, 570, 878, 670]"
9,68,"[281, 431, 316, 497]","[616, 752, 668, 880]"
9,69,"[1480, 224, 1513, 274]","[1664, 452, 1699, 534]"
9,70,"[427, 204, 458, 262]","[1250, 464, 1307, 559]"
9,71,"[281, 431, 316, 497]","[897, 577, 956, 665]"
9,72,"[427, 204, 458, 262]","[1578, 566, 1640, 664]"
9,73,"[751, 392, 784, 453]","[1755, 594, 1823, 700]"
9,74,"[298, 515, 344, 579]","[844, 613, 897, 727]"
9,75,"[862, 574, 902, 640]","[1497, 431, 1531, 515]"
9,76,"[718, 342, 756, 397]","[1563, 497, 1601, 588]"
9,77,"[862, 574, 902, 640]","[14, 505, 55, 611]"
9,78,"[718, 342, 756, 397]","[1521, 406, 1553, 450]"
10,79,"[816, 242, 851, 295]","[1255, 466, 1317, 559]"
10,80,"[1480, 226, 1512, 273]","[1661, 452, 1711, 536]"
10,81,"[292, 785, 346, 863]","[1536, 722, 1631, 847]"
10,82,"[716, 343, 753, 397]","[829, 571, 878, 665]"
10,83,"[1704, 322, 1744, 386]","[1762, 593, 1830, 704]"
10,84,"[558, 95, 585, 141]","[1498, 432, 1538, 518]"
10,85,"[284, 429, 317, 495]","[623, 752, 667, 882]"
10,86,"[816, 242, 851, 295]","[849, 614, 907, 729]"
10,87,"[1124, 348, 1165, 406]","[1586, 569, 1649, 670]"
10,88,"[857, 576, 896, 640]","[920, 578, 959, 670]"
10,89,"[426, 203, 456, 262]","[1565, 498, 1596, 589]"
10,90,"[857, 576, 896, 640]","[28, 507, 66, 613]"
11,91,"[1667, 463, 1703, 524]","[1499, 433, 1547, 519]"
11,92,"[814, 242, 853, 295]","[1258, 466, 1328, 560]"
11,93,"[290, 781, 346, 856]","[1536, 719, 1625, 846]"
11,94,"[854, 574, 898, 640]","[1655, 452, 1719, 532]"
11,95,"[745, 392, 785, 450]","[1778, 596, 1834, 704]"
11,96,"[1120, 481, 1147, 543]","[834, 570, 879, 662]"
11,97,"[946, 267, 966, 327]","[628, 749, 672, 878]"
11,98,"[1120, 481, 1147, 543]","[1561, 496, 1596, 576]"
11,99,"[814, 242, 853, 295]","[852, 610, 916, 721]"
11,100,"[814, 242, 853, 295]","[1592, 566, 1647, 670]"
11,101,"[946, 267, 966, 327]","[933, 574, 966, 672]"
11,102,"[892, 157, 917, 204]","[1554, 408, 1589, 449]"
11,103,"[854, 574, 898, 640]","[916, 573, 965, 670]"
12,104,"[289, 779, 343, 852]","[1534, 717, 1635, 843]"
12,105,"[289, 779, 343, 852]","[632, 745, 686, 878]"
12,106,"[422, 200, 462, 257]","[1266, 469, 1336, 561]"
12,107,"[1129, 351, 1163, 408]","[853, 609, 926, 717]"
12,108,"[1129, 351, 1163, 408]","[827, 568, 881, 662]"
12,109,"[289, 779, 343, 852]","[1503, 430, 1552, 518]"
12,110,"[854, 571, 898, 639]","[1649, 453, 1721, 532]"
12,111,"[287, 424, 320, 487]","[937, 571, 981, 671]"
12,112,"[748, 393, 779, 452]","[1788, 597, 1834, 705]"
12,113,"[1129, 351, 1163, 408]","[1557, 495, 1610, 585]"
12,114,"[422, 200, 462, 257]","[1596, 567, 1641, 671]"
13,115,"[846, 573, 899, 638]","[1535, 715, 1642, 841]"
13,116,"[289, 779, 333, 852]","[635, 743, 693, 865]"
13,117,"[846, 573, 899, 638]","[1502, 431, 1554, 517]"
13,118,"[289, 779, 333, 852]","[1651, 453, 1716, 535]"
13,119,"[807, 243, 846, 295]","[1268, 471, 1339, 564]"
13,120,"[420, 200, 462, 256]","[1551, 494, 1622, 587]"
13,121,"[420, 200, 462, 256]","[857, 606, 927, 717]"
13,122,"[420, 200, 462, 256]","[825, 568, 894, 661]"
13,123,"[288, 424, 319, 484]","[939, 569, 985, 661]"
13,124,"[420, 200, 462, 256]","[1598, 563, 1652, 673]"
13,125,"[845, 150, 879, 190]","[73, 508, 110, 614]"
13,126,"[296, 512, 331, 577]","[1796, 598, 1841, 706]"
13,127,"[918, 199, 946, 247]","[1587, 409, 1621, 451]"
14,128,"[844, 573, 895, 637]","[1536, 715, 1642, 835]"
14,129,"[943, 266, 979, 327]","[1504, 433, 1553, 518]"
14,130,"[943, 266, 979, 327]","[637, 741, 694, 863]"
14,131,"[416, 200, 462, 256]","[1598, 555, 1664, 673]"
14,132,"[416, 200, 462, 256]","[859, 605, 917, 720]"
14,133,"[416, 200, 462, 256]","[1545, 493, 1624, 585]"
14,134,"[290, 423, 318, 482]","[948, 566, 987, 660]"
14,135,"[416, 200, 462, 256]","[1268, 472, 1340, 565]"
14,136,"[416, 200, 462, 256]","[830, 568, 893, 665]"
14,137,"[748, 394, 773, 453]","[1805, 595, 1853, 705]"
14,138,"[1485, 226, 1514, 275]","[1664, 454, 1697, 537]"
14,139,"[1670, 464, 1696, 525]","[86, 509, 124, 614]"
15,140,"[1486, 226, 1517, 276]","[1534, 715, 1639, 837]"
15,141,"[416, 201, 464, 256]","[1598, 560, 1672, 665]"
15,142,"[416, 201, 464, 256]","[1270, 473, 1338, 564]"
15,143,"[947, 267, 982, 328]","[637, 739, 690, 866]"
15,144,"[284, 776, 319, 848]","[1663, 454, 1700, 536]"
15,145,"[1112, 480, 1145, 542]","[837, 568, 894, 665]"
15,146,"[1671, 463, 1699, 526]","[1511, 434, 1554, 522]"
15,147,"[416, 201, 464, 256]","[1555, 494, 1624, 584]"
15,148,"[947, 267, 982, 328]","[956, 565, 998, 660]"
15,149,"[416, 201, 464, 256]","[863, 610, 914, 719]"
15,150,"[745, 390, 773, 454]","[1811, 595, 1861, 704]"
16,151,"[1487, 226, 1520, 276]","[1534, 716, 1629, 837]"
16,152,"[290, 505, 337, 569]","[1597, 561, 1677, 662]"
16,153,"[1671, 462, 1702, 525]","[642, 737, 690, 864]"
16,154,"[417, 201, 462, 258]","[1278, 473, 1336, 564]"
16,155,"[1487, 226, 1520, 276]","[1658, 452, 1713, 537]"
16,156,"[1110, 480, 1148, 541]","[837, 568, 898, 665]"
16,157,"[1313, 808, 1348, 886]","[1522, 437, 1557, 524]"
16,158,"[294, 420, 324, 481]","[962, 563, 1008, 661]"
16,159,"[742, 384, 774, 450]","[1812, 593, 1871, 701]"
16,160,"[1110, 480, 1148, 541]","[870, 615, 910, 719]"
16,161,"[1110, 480, 1148, 541]","[1562, 494, 1615, 590]"
17,162,"[1310, 808, 1352, 885]","[1534, 715, 1619, 840]"
17,163,"[277, 768, 326, 844]","[1655, 452, 1717, 532]"
17,164,"[1672, 463, 1706, 526]","[645, 733, 698, 862]"
17,165,"[417, 201, 460, 258]","[1603, 560, 1661, 664]"
17,166,"[417, 201, 460, 258]","[845, 565, 899, 638]"
17,167,"[1310, 808, 1352, 885]","[1518, 436, 1561, 526]"
17,168,"[1109, 480, 1146, 542]","[871, 614, 919, 720]"
17,169,"[741, 384, 778, 449]","[1819, 593, 1879, 699]"
17,170,"[296, 418, 332, 478]","[970, 561, 1023, 658]"
17,171,"[1134, 350, 1163, 408]","[1566, 494, 1602, 588]"
17,172,"[1134, 350, 1163, 408]","[1308, 492, 1350, 563]"
17,173,"[335, 364, 372, 417]","[1281, 471, 1336, 545]"
18,174,"[1670, 463, 1710, 526]","[1537, 712, 1611, 840]"
18,175,"[1706, 325, 1743, 389]","[650, 729, 707, 860]"
18,176,"[289, 504, 330, 567]","[851, 563, 903, 641]"
18,177,"[334, 364, 379, 416]","[1290, 471, 1361, 563]"
18,178,"[1670, 463, 1710, 526]","[1647, 452, 1716, 530]"
18,179,"[1706, 325, 1743, 389]","[1512, 437, 1569, 523]"
18,180,"[564, 99, 591, 157]","[975, 559, 1028, 654]"
18,181,"[1111, 481, 1144, 544]","[872, 610, 927, 718]"
18,182,"[1133, 351, 1166, 410]","[1567, 491, 1607, 588]"
18,183,"[1111, 481, 1144, 544]","[1610, 562, 1657, 667]"
18,184,"[739, 387, 781, 447]","[1831, 594, 1885, 699]"
19,185,"[1668, 463, 1711, 527]","[1541, 709, 1623, 840]"
19,186,"[1668, 463, 1711, 527]","[653, 728, 715, 850]"
19,187,"[334, 365, 382, 417]","[1295, 470, 1371, 562]"
19,188,"[1114, 482, 1141, 543]","[857, 561, 907, 645]"
19,189,"[291, 503, 327, 567]","[872, 610, 938, 711]"
19,190,"[301, 414, 340, 472]","[981, 558, 1030, 649]"
19,191,"[1702, 326, 1745, 390]","[1513, 437, 1575, 524]"
19,192,"[1668, 463, 1711, 527]","[1651, 451, 1708, 534]"
19,193,"[334, 365, 382, 417]","[1562, 487, 1613, 579]"
19,194,"[291, 503, 327, 567]","[1616, 564, 1650, 668]"
19,195,"[739, 390, 781, 446]","[1845, 594, 1888, 701]"
20,196,"[272, 760, 315, 831]","[1543, 707, 1634, 834]"
20,197,"[710, 344, 747, 398]","[866, 609, 944, 712]"
20,198,"[1671, 464, 1711, 527]","[655, 722, 720, 843]"
20,199,"[710, 344, 747, 398]","[1299, 471, 1380, 561]"
20,200,"[1671, 464, 1711, 527]","[1514, 438, 1573, 525]"
20,201,"[272, 760, 315, 831]","[986, 557, 1039, 653]"
20,202,"[710, 344, 747, 398]","[1557, 488, 1620, 577]"
20,203,"[1113, 483, 1136, 542]","[857, 559, 913, 648]"
20,204,"[569, 103, 593, 154]","[1663, 452, 1693, 535]"
20,205,"[743, 391, 781, 447]","[1850, 595, 1889, 702]"
20,206,"[710, 344, 747, 398]","[1617, 562, 1661, 660]"
20,207,"[972, 271, 989, 328]","[178, 509, 215, 613]"
21,208,"[293, 496, 334, 564]","[866, 614, 945, 710]"
21,209,"[823, 568, 880, 631]","[1543, 705, 1640, 827]"
21,210,"[334, 365, 387, 418]","[1304, 473, 1382, 565]"
21,211,"[268, 757, 308, 830]","[653, 721, 721, 844]"
21,212,"[824, 151, 855, 193]","[1533, 441, 1576, 524]"
21,213,"[293, 496, 334, 564]","[857, 559, 917, 653]"
21,214,"[708, 345, 742, 398]","[1549, 490, 1617, 581]"
21,215,"[293, 496, 334, 564]","[1618, 559, 1671, 670]"
21,216,"[307, 411, 346, 467]","[986, 556, 1038, 650]"
21,217,"[1493, 234, 1518, 283]","[1662, 453, 1695, 534]"
21,218,"[748, 392, 777, 447]","[1857, 592, 1899, 700]"
22,219,"[269, 753, 311, 829]","[653, 719, 717, 845]"
22,220,"[295, 493, 340, 563]","[871, 611, 943, 712]"
22,221,"[424, 200, 465, 255]","[1309, 475, 1378, 564]"
22,222,"[269, 753, 311, 829]","[1536, 705, 1605, 822]"
22,223,"[269, 753, 311, 829]","[1653, 451, 1707, 536]"
22,224,"[269, 753, 311, 829]","[985, 554, 1050, 648]"
22,225,"[295, 493, 340, 563]","[1617, 559, 1682, 670]"
22,226,"[424, 200, 465, 255]","[1545, 493, 1616, 584]"
22,227,"[269, 753, 311, 829]","[1545, 444, 1578, 525]"
22,228,"[1107, 480, 1138, 542]","[865, 558, 922, 656]"
22,229,"[746, 391, 770, 447]","[1860, 590, 1907, 698]"
23,230,"[268, 747, 317, 824]","[657, 717, 717, 842]"
23,231,"[297, 492, 345, 554]","[1615, 558, 1691, 664]"
23,232,"[1321, 808, 1369, 878]","[1534, 705, 1627, 824]"
23,233,"[311, 412, 347, 466]","[983, 552, 1058, 647]"
23,234,"[268, 747, 317, 824]","[1644, 452, 1711, 530]"
23,235,"[427, 200, 468, 256]","[1313, 476, 1378, 564]"
23,236,"[1710, 332, 1738, 393]","[1546, 445, 1582, 518]"
23,237,"[427, 200, 468, 256]","[879, 557, 927, 643]"
23,238,"[427, 200, 468, 256]","[1548, 494, 1621, 587]"
23,239,"[297, 492, 345, 554]","[875, 612, 935, 712]"
23,240,"[748, 390, 771, 447]","[1863, 588, 1918, 692]"
23,241,"[1674, 468, 1701, 529]","[216, 508, 255, 612]"
24,242,"[778, 250, 820, 298]","[1608, 557, 1696, 660]"
24,243,"[268, 743, 319, 817]","[1533, 707, 1623, 830]"
24,244,"[268, 743, 319, 817]","[984, 550, 1063, 642]"
24,245,"[815, 155, 849, 201]","[1638, 450, 1709, 530]"
24,246,"[268, 743, 319, 817]","[664, 712, 719, 839]"
24,247,"[778, 250, 820, 298]","[1556, 495, 1613, 588]"
24,248,"[268, 743, 319, 817]","[1545, 444, 1587, 526]"
24,249,"[710, 342, 747, 396]","[886, 555, 931, 641]"
24,250,"[748, 388, 776, 447]","[1866, 587, 1920, 691]"
24,251,"[710, 342, 747, 396]","[1318, 475, 1361, 560]"
24,252,"[710, 342, 747, 396]","[882, 613, 921, 711]"
24,253,"[1710, 334, 1733, 393]","[227, 509, 266, 613]"
25,254,"[314, 409, 359, 467]","[986, 548, 1062, 637]"
25,255,"[267, 740, 322, 809]","[672, 710, 726, 836]"
25,256,"[709, 342, 749, 397]","[1608, 558, 1689, 659]"
25,257,"[267, 740, 322, 809]","[1527, 706, 1590, 829]"
25,258,"[978, 274, 1013, 332]","[1544, 443, 1588, 527]"
25,259,"[1104, 480, 1137, 541]","[881, 604, 923, 710]"
25,260,"[579, 110, 616, 155]","[1640, 451, 1699, 532]"
25,261,"[776, 251, 818, 300]","[1320, 476, 1370, 564]"
25,262,"[430, 205, 470, 261]","[893, 552, 938, 641]"
25,263,"[1142, 361, 1168, 415]","[1561, 529, 1588, 588]"
25,264,"[1709, 334, 1730, 395]","[238, 509, 277, 612]"
25,265,"[748, 384, 780, 446]","[1873, 588, 1920, 694]"
25,266,"[1142, 361, 1168, 415]","[1564, 493, 1597, 565]"
25,267,"[267, 740, 322, 809]","[1553, 708, 1612, 808]"
26,268,"[816, 565, 855, 631]","[1526, 705, 1599, 829]"
26,269,"[1320, 802, 1362, 876]","[676, 706, 732, 825]"
26,270,"[775, 253, 811, 303]","[1325, 475, 1380, 565]"
26,271,"[319, 409, 363, 462]","[990, 547, 1053, 639]"
26,272,"[708, 342, 746, 397]","[1612, 559, 1686, 663]"
26,273,"[708, 342, 746, 397]","[882, 594, 929, 708]"
26,274,"[270, 737, 317, 806]","[1539, 444, 1587, 521]"
26,275,"[814, 157, 839, 202]","[1646, 451, 1685, 534]"
26,276,"[1107, 481, 1137, 541]","[1556, 492, 1597, 588]"
26,277,"[434, 205, 460, 260]","[900, 549, 945, 633]"
26,278,"[746, 385, 784, 445]","[1882, 589, 1920, 694]"
26,279,"[1707, 334, 1733, 396]","[248, 510, 288, 613]"
27,280,"[814, 563, 859, 630]","[1524, 702, 1592, 829]"
27,281,"[1143, 359, 1174, 415]","[881, 595, 935, 705]"
27,282,"[273, 733, 312, 804]","[675, 705, 731, 823]"
27,283,"[1666, 468, 1705, 530]","[1640, 452, 1678, 534]"
27,284,"[336, 364, 386, 414]","[1326, 473, 1387, 564]"
27,285,"[324, 400, 368, 461]","[993, 546, 1057, 639]"
27,286,"[324, 400, 368, 461]","[1541, 445, 1584, 518]"
27,287,"[977, 158, 1009, 203]","[1611, 560, 1676, 663]"
27,288,"[438, 207, 466, 261]","[905, 546, 951, 635]"
27,289,"[1143, 359, 1174, 415]","[1548, 492, 1601, 586]"
27,290,"[273, 733, 312, 804]","[259, 510, 299, 613]"
27,291,"[747, 387, 787, 444]","[1885, 588, 1920, 693]"
28,292,"[811, 562, 859, 624]","[1521, 700, 1596, 828]"
28,293,"[337, 364, 387, 411]","[1323, 473, 1393, 559]"
28,294,"[585, 118, 619, 160]","[1630, 451, 1684, 534]"
28,295,"[274, 731, 306, 801]","[677, 704, 727, 825]"
28,296,"[1139, 361, 1177, 416]","[879, 591, 939, 700]"
28,297,"[329, 401, 368, 456]","[997, 542, 1057, 637]"
28,298,"[716, 345, 750, 399]","[909, 544, 959, 636]"
28,299,"[716, 345, 750, 399]","[1536, 492, 1604, 581]"
28,300,"[716, 345, 750, 399]","[1605, 560, 1659, 664]"
28,301,"[1492, 242, 1519, 291]","[1546, 447, 1583, 509]"
28,302,"[751, 388, 787, 446]","[1891, 587, 1920, 693]"
28,303,"[1693, 335, 1734, 398]","[270, 510, 310, 614]"
29,304,"[811, 562, 856, 622]","[1522, 698, 1597, 819]"
29,305,"[338, 365, 382, 410]","[1321, 473, 1397, 560]"
29,306,"[811, 562, 856, 622]","[998, 539, 1063, 634]"
29,307,"[446, 207, 474, 263]","[1608, 558, 1658, 664]"
29,308,"[1325, 794, 1366, 870]","[678, 701, 725, 824]"
29,309,"[338, 365, 382, 410]","[868, 592, 940, 699]"
29,310,"[811, 562, 856, 622]","[1620, 450, 1684, 527]"
29,311,"[338, 365, 382, 410]","[911, 543, 966, 633]"
29,312,"[769, 255, 804, 305]","[1535, 492, 1605, 581]"
29,313,"[1662, 470, 1704, 531]","[1541, 447, 1581, 512]"
29,314,"[756, 388, 781, 444]","[1895, 585, 1920, 686]"
29,315,"[718, 346, 745, 400]","[281, 509, 321, 613]"
30,316,"[1327, 793, 1368, 867]","[1509, 699, 1594, 819]"
30,317,"[1327, 793, 1368, 867]","[1611, 449, 1681, 526]"
30,318,"[320, 482, 359, 546]","[1320, 474, 1400, 561]"
30,319,"[449, 207, 481, 264]","[1605, 556, 1664, 666]"
30,320,"[1327, 793, 1368, 867]","[679, 697, 726, 823]"
30,321,"[336, 405, 368, 455]","[999, 538, 1063, 628]"
30,322,"[320, 482, 359, 546]","[913, 543, 970, 631]"
30,323,"[1103, 480, 1134, 540]","[875, 592, 940, 701]"
30,324,"[320, 482, 359, 546]","[1533, 490, 1598, 583]"
30,325,"[336, 405, 368, 455]","[1538, 447, 1581, 513]"
30,326,"[449, 207, 481, 264]","[1900, 582, 1920, 686]"
31,327,"[1329, 793, 1369, 865]","[1501, 698, 1586, 819]"
31,328,"[590, 124, 628, 165]","[999, 535, 1064, 630]"
31,329,"[450, 207, 487, 263]","[1601, 555, 1669, 662]"
31,330,"[450, 207, 487, 263]","[1321, 476, 1397, 564]"
31,331,"[1329, 793, 1369, 865]","[679, 692, 729, 816]"
31,332,"[450, 207, 487, 263]","[913, 542, 974, 636]"
31,333,"[450, 207, 487, 263]","[1533, 492, 1590, 586]"
31,334,"[811, 561, 841, 622]","[1611, 451, 1663, 531]"
31,335,"[450, 207, 487, 263]","[876, 596, 934, 702]"
31,336,"[1491, 247, 1514, 295]","[1542, 446, 1579, 511]"
31,337,"[755, 388, 780, 445]","[1901, 584, 1920, 685]"
32,338,"[274, 714, 322, 779]","[1506, 699, 1573, 819]"
32,339,"[450, 209, 491, 262]","[1596, 555, 1672, 657]"
32,340,"[1332, 792, 1369, 863]","[680, 689, 733, 807]"
32,341,"[338, 404, 381, 452]","[998, 534, 1061, 631]"
32,342,"[450, 209, 491, 262]","[1320, 478, 1393, 564]"
32,343,"[450, 209, 491, 262]","[916, 540, 977, 635]"
32,344,"[322, 480, 366, 537]","[880, 597, 927, 700]"
32,345,"[1699, 343, 1725, 402]","[1616, 451, 1647, 531]"
32,346,"[1099, 480, 1138, 539]","[1537, 490, 1580, 585]"
32,347,"[803, 166, 829, 212]","[1902, 587, 1920, 686]"
32,348,"[1099, 480, 1138, 539]","[1533, 447, 1577, 530]"
32,349,"[274, 714, 322, 779]","[1518, 478, 1565, 533]"
32,350,"[1332, 792, 1369, 863]","[1520, 454, 1574, 534]"
33,351,"[807, 558, 844, 621]","[682, 687, 738, 801]"
33,352,"[807, 558, 844, 621]","[1498, 699, 1557, 821]"
33,353,"[453, 211, 494, 264]","[1589, 554, 1666, 657]"
33,354,"[326, 479, 367, 536]","[1318, 479, 1388, 564]"
33,355,"[1698, 343, 1718, 403]","[1610, 452, 1644, 531]"
33,356,"[800, 169, 832, 213]","[999, 532, 1057, 633]"
33,357,"[453, 211, 494, 264]","[920, 539, 975, 636]"
33,358,"[326, 479, 367, 536]","[879, 595, 923, 701]"
33,359,"[717, 345, 755, 399]","[1535, 489, 1576, 583]"
33,360,"[717, 345, 755, 399]","[1540, 447, 1575, 514]"
33,361,"[1663, 473, 1689, 533]","[1905, 589, 1920, 686]"
34,362,"[1105, 480, 1132, 538]","[924, 538, 977, 633]"
34,363,"[278, 706, 314, 774]","[1497, 696, 1549, 821]"
34,364,"[278, 706, 314, 774]","[683, 686, 734, 803]"
34,365,"[804, 557, 847, 617]","[1601, 453, 1648, 532]"
34,366,"[278, 706, 314, 774]","[997, 530, 1054, 632]"
34,367,"[456, 212, 499, 267]","[1592, 558, 1645, 661]"
34,368,"[1105, 480, 1132, 538]","[880, 592, 924, 700]"
34,369,"[456, 212, 499, 267]","[1315, 479, 1380, 563]"
34,370,"[456, 212, 499, 267]","[1531, 502, 1573, 586]"
34,371,"[278, 706, 314, 774]","[1544, 450, 1573, 524]"
34,372,"[1105, 480, 1132, 538]","[1518, 395, 1555, 463]"
34,373,"[456, 212, 499, 267]","[1526, 489, 1568, 542]"
34,374,"[893, 180, 924, 224]","[1315, 479, 1373, 530]"
35,375,"[1659, 473, 1691, 533]","[1492, 694, 1556, 820]"
35,376,"[798, 554, 851, 613]","[1591, 451, 1650, 527]"
35,377,"[1659, 473, 1691, 533]","[685, 685, 733, 805]"
35,378,"[798, 554, 851, 613]","[999, 529, 1059, 623]"
35,379,"[463, 215, 500, 268]","[925, 538, 981, 629]"
35,380,"[1153, 368, 1181, 421]","[883, 590, 929, 698]"
35,381,"[760, 260, 791, 310]","[1315, 479, 1373, 566]"
35,382,"[330, 478, 364, 535]","[1521, 488, 1574, 582]"
35,383,"[330, 478, 364, 535]","[1594, 559, 1642, 662]"
35,384,"[1693, 345, 1720, 405]","[1543, 452, 1573, 512]"
35,385,"[1659, 473, 1691, 533]","[345, 510, 382, 609]"
35,386,"[1102, 481, 1125, 538]","[1519, 396, 1556, 464]"
36,387,"[795, 554, 849, 612]","[998, 528, 1064, 619]"
36,388,"[1657, 472, 1692, 533]","[1486, 691, 1562, 816]"
36,389,"[892, 181, 930, 225]","[1315, 479, 1382, 566]"
36,390,"[756, 260, 794, 308]","[929, 540, 987, 630]"
36,391,"[1157, 368, 1185, 422]","[881, 588, 935, 698]"
36,392,"[280, 697, 321, 770]","[686, 684, 735, 806]"
36,393,"[756, 260, 794, 308]","[1513, 492, 1574, 580]"
36,394,"[795, 554, 849, 612]","[1578, 452, 1649, 526]"
36,395,"[1157, 368, 1185, 422]","[1597, 595, 1631, 663]"
36,396,"[1688, 345, 1723, 406]","[1542, 450, 1575, 514]"
36,397,"[1103, 482, 1126, 538]","[1598, 561, 1631, 638]"
36,398,"[348, 400, 388, 450]","[357, 511, 395, 612]"
37,399,"[1652, 474, 1694, 534]","[1474, 691, 1567, 809]"
37,400,"[1155, 370, 1187, 423]","[878, 589, 942, 694]"
37,401,"[754, 260, 795, 308]","[1319, 480, 1388, 566]"
37,402,"[283, 694, 326, 766]","[1004, 528, 1065, 618]"
37,403,"[754, 260, 795, 308]","[1512, 491, 1570, 582]"
37,404,"[337, 473, 373, 534]","[937, 543, 993, 630]"
37,405,"[1155, 370, 1187, 423]","[1593, 561, 1636, 664]"
37,406,"[283, 694, 326, 766]","[688, 682, 737, 791]"
37,407,"[927, 229, 960, 270]","[367, 512, 405, 615]"
37,408,"[347, 370, 388, 424]","[1538, 449, 1574, 526]"
37,409,"[1684, 346, 1724, 406]","[1521, 450, 1574, 525]"
37,410,"[1684, 346, 1724, 406]","[1575, 453, 1641, 529]"
38,411,"[1683, 348, 1724, 407]","[1464, 691, 1567, 808]"
38,412,"[1156, 371, 1190, 423]","[877, 589, 946, 694]"
38,413,"[964, 177, 999, 219]","[1321, 480, 1394, 564]"
38,414,"[1334, 781, 1372, 853]","[1006, 528, 1068, 621]"
38,415,"[964, 177, 999, 219]","[1588, 559, 1645, 667]"
38,416,"[723, 351, 751, 403]","[946, 544, 998, 632]"
38,417,"[284, 689, 331, 758]","[691, 679, 740, 801]"
38,418,"[340, 471, 382, 532]","[1517, 493, 1564, 584]"
38,419,"[1334, 781, 1372, 853]","[1584, 454, 1625, 532]"
38,420,"[1334, 781, 1372, 853]","[1537, 453, 1575, 534]"
38,421,"[1156, 371, 1190, 423]","[379, 515, 416, 613]"
39,422,"[350, 376, 401, 449]","[880, 591, 947, 694]"
39,423,"[1332, 781, 1374, 850]","[1464, 691, 1540, 810]"
39,424,"[754, 263, 784, 313]","[1327, 482, 1396, 565]"
39,425,"[286, 685, 330, 751]","[697, 678, 748, 792]"
39,426,"[1101, 479, 1135, 535]","[1585, 559, 1652, 666]"
39,427,"[754, 263, 784, 313]","[957, 544, 1006, 631]"
39,428,"[796, 552, 831, 611]","[1012, 529, 1073, 622]"
39,429,"[1492, 261, 1513, 309]","[1584, 455, 1614, 533]"
39,430,"[897, 188, 923, 230]","[390, 517, 427, 615]"
39,431,"[1101, 479, 1135, 535]","[1521, 493, 1564, 584]"
39,432,"[350, 376, 401, 449]","[1535, 458, 1577, 535]"
40,433,"[1101, 479, 1136, 535]","[883, 592, 948, 696]"
40,434,"[1101, 479, 1136, 535]","[1333, 483, 1398, 568]"
40,435,"[1101, 479, 1136, 535]","[1577, 559, 1657, 661]"
40,436,"[1688, 351, 1721, 409]","[1020, 527, 1079, 622]"
40,437,"[1688, 351, 1721, 409]","[697, 677, 752, 788]"
40,438,"[1041, 289, 1071, 345]","[1464, 694, 1532, 812]"
40,439,"[753, 266, 774, 313]","[968, 543, 1013, 630]"
40,440,"[1041, 289, 1071, 345]","[1576, 453, 1617, 534]"
40,441,"[753, 266, 774, 313]","[1517, 494, 1561, 584]"
40,442,"[1688, 351, 1721, 409]","[1544, 457, 1573, 535]"
40,443,"[1164, 373, 1193, 427]","[1544, 397, 1574, 470]"
41,444,"[724, 349, 765, 401]","[885, 592, 947, 695]"
41,445,"[1338, 781, 1376, 847]","[1460, 694, 1541, 813]"
41,446,"[1104, 480, 1131, 536]","[1336, 485, 1393, 567]"
41,447,"[289, 681, 320, 749]","[700, 676, 752, 788]"
41,448,"[793, 548, 832, 609]","[1023, 527, 1082, 620]"
41,449,"[724, 349, 765, 401]","[1577, 560, 1658, 659]"
41,450,"[752, 265, 776, 312]","[978, 543, 1022, 629]"
41,451,"[724, 349, 765, 401]","[1510, 492, 1569, 584]"
41,452,"[793, 548, 832, 609]","[1572, 451, 1620, 532]"
41,453,"[752, 265, 776, 312]","[1543, 458, 1575, 535]"
41,454,"[752, 265, 776, 312]","[1541, 398, 1580, 470]"
41,455,"[787, 180, 818, 223]","[412, 521, 451, 616]"
42,456,"[723, 349, 766, 400]","[889, 591, 942, 696]"
42,457,"[790, 547, 835, 605]","[1459, 693, 1527, 814]"
42,458,"[723, 349, 766, 400]","[1579, 562, 1646, 661]"
42,459,"[790, 547, 835, 605]","[704, 677, 755, 790]"
42,460,"[790, 547, 835, 605]","[1028, 526, 1085, 618]"
42,461,"[723, 349, 766, 400]","[1506, 492, 1573, 583]"
42,462,"[723, 349, 766, 400]","[989, 542, 1030, 631]"
42,463,"[723, 349, 766, 400]","[1344, 487, 1393, 567]"
42,464,"[481, 221, 524, 272]","[1341, 485, 1387, 557]"
42,465,"[348, 369, 377, 420]","[1538, 465, 1583, 549]"
42,466,"[1493, 261, 1521, 310]","[1573, 455, 1619, 521]"
42,467,"[1695, 353, 1715, 411]","[55, 367, 81, 421]"
42,468,"[1493, 261, 1521, 310]","[1571, 458, 1609, 527]"
43,469,"[1337, 780, 1371, 846]","[1463, 690, 1521, 813]"
43,470,"[292, 673, 325, 743]","[711, 674, 759, 789]"
43,471,"[352, 466, 381, 524]","[896, 590, 939, 696]"
43,472,"[725, 349, 764, 401]","[1581, 563, 1644, 665]"
43,473,"[725, 349, 764, 401]","[1504, 493, 1575, 576]"
43,474,"[894, 190, 931, 233]","[1345, 487, 1402, 569]"
43,475,"[348, 368, 375, 423]","[998, 543, 1041, 629]"
43,476,"[364, 397, 395, 451]","[1028, 526, 1091, 611]"
43,477,"[1491, 262, 1523, 310]","[1545, 476, 1594, 550]"
43,478,"[961, 181, 986, 226]","[1535, 464, 1582, 550]"
43,479,"[786, 183, 806, 227]","[1566, 454, 1597, 521]"
43,480,"[348, 368, 375, 423]","[1567, 447, 1603, 515]"
44,481,"[1337, 777, 1371, 845]","[1466, 689, 1527, 815]"
44,482,"[489, 224, 525, 276]","[899, 589, 945, 697]"
44,483,"[1693, 353, 1719, 412]","[716, 670, 764, 788]"
44,484,"[489, 224, 525, 276]","[1346, 486, 1409, 571]"
44,485,"[740, 269, 782, 311]","[1578, 565, 1632, 666]"
44,486,"[740, 269, 782, 311]","[1510, 493, 1572, 578]"
44,487,"[348, 368, 376, 425]","[1009, 541, 1050, 628]"
44,488,"[293, 670, 331, 736]","[1040, 527, 1094, 593]"
44,489,"[1654, 480, 1687, 537]","[1554, 474, 1602, 550]"
44,490,"[348, 368, 376, 425]","[1537, 466, 1580, 545]"
44,491,"[1062, 291, 1079, 344]","[1565, 447, 1595, 525]"
44,492,"[293, 670, 331, 736]","[1536, 471, 1599, 550]"
44,493,"[560, 113, 583, 147]","[1564, 404, 1594, 482]"
44,494,"[1337, 777, 1371, 845]","[1566, 445, 1604, 515]"
45,495,"[494, 226, 521, 276]","[903, 589, 953, 698]"
45,496,"[740, 267, 776, 313]","[1347, 485, 1417, 569]"
45,497,"[365, 397, 401, 447]","[1466, 688, 1529, 809]"
45,498,"[1689, 353, 1722, 413]","[720, 667, 768, 784]"
45,499,"[349, 370, 377, 428]","[1577, 564, 1628, 666]"
45,500,"[349, 370, 377, 428]","[1518, 491, 1565, 584]"
45,501,"[349, 370, 377, 428]","[1018, 539, 1060, 629]"
45,502,"[740, 267, 776, 313]","[1044, 526, 1088, 593]"
45,503,"[365, 397, 401, 447]","[1539, 468, 1598, 543]"
45,504,"[1490, 265, 1524, 313]","[1552, 460, 1599, 540]"
45,505,"[789, 545, 822, 601]","[453, 527, 495, 617]"
45,506,"[1065, 292, 1083, 345]","[58, 602, 83, 650]"
46,507,"[742, 267, 771, 314]","[1345, 487, 1421, 570]"
46,508,"[1686, 355, 1723, 413]","[1453, 689, 1531, 808]"
46,509,"[1174, 376, 1203, 428]","[1579, 562, 1636, 669]"
46,510,"[360, 462, 397, 519]","[905, 590, 957, 696]"
46,511,"[1686, 355, 1723, 413]","[724, 665, 770, 776]"
46,512,"[360, 462, 397, 519]","[1027, 537, 1076, 629]"
46,513,"[353, 371, 376, 424]","[1513, 492, 1558, 586]"
46,514,"[296, 662, 334, 723]","[1549, 457, 1595, 538]"
46,515,"[353, 371, 376, 424]","[1047, 525, 1088, 602]"
46,516,"[365, 397, 404, 446]","[1542, 466, 1584, 537]"
46,517,"[353, 371, 376, 424]","[1529, 490, 1563, 573]"
46,518,"[1686, 355, 1723, 413]","[1562, 459, 1602, 533]"
47,519,"[1174, 377, 1208, 429]","[1580, 562, 1642, 671]"
47,520,"[1685, 357, 1724, 414]","[1448, 690, 1531, 808]"
47,521,"[362, 460, 403, 516]","[908, 592, 959, 693]"
47,522,"[362, 460, 403, 516]","[1346, 489, 1424, 574]"
47,523,"[1685, 357, 1724, 414]","[728, 665, 773, 776]"
47,524,"[296, 661, 331, 721]","[1545, 459, 1598, 545]"
47,525,"[1174, 377, 1208, 429]","[1509, 495, 1562, 586]"
47,526,"[362, 460, 403, 516]","[1035, 534, 1087, 630]"
48,527,"[1342, 768, 1380, 839]","[1448, 692, 1524, 812]"
48,528,"[363, 460, 405, 513]","[1576, 561, 1646, 665]"
48,529,"[363, 460, 405, 513]","[911, 595, 960, 694]"
48,530,"[505, 227, 535, 276]","[1513, 494, 1566, 587]"
48,531,"[297, 657, 329, 720]","[730, 665, 774, 778]"
48,532,"[785, 540, 824, 599]","[1544, 458, 1600, 551]"
48,533,"[363, 460, 405, 513]","[1351, 497, 1420, 575]"
48,534,"[505, 227, 535, 276]","[1042, 540, 1097, 631]"
48,535,"[505, 227, 535, 276]","[1346, 491, 1414, 548]"
48,536,"[505, 227, 535, 276]","[1037, 533, 1090, 620]"
48,537,"[785, 540, 824, 599]","[484, 530, 527, 621]"
49,538,"[1074, 295, 1106, 348]","[1448, 695, 1514, 813]"
49,539,"[368, 459, 404, 512]","[1570, 562, 1647, 665]"
49,540,"[298, 653, 334, 718]","[735, 666, 779, 780]"
49,541,"[368, 459, 404, 512]","[913, 598, 961, 694]"
49,542,"[509, 228, 541, 277]","[1051, 542, 1106, 633]"
49,543,"[298, 653, 334, 718]","[1544, 462, 1592, 536]"
49,544,"[738, 267, 771, 313]","[1512, 495, 1570, 584]"
49,545,"[509, 228, 541, 277]","[1354, 501, 1412, 576]"
49,546,"[738, 267, 771, 313]","[1345, 492, 1404, 553]"
49,547,"[738, 267, 771, 313]","[1039, 539, 1083, 616]"
49,548,"[1500, 272, 1519, 320]","[104, 602, 130, 654]"
50,549,"[302, 648, 341, 715]","[1448, 695, 1505, 814]"
50,550,"[302, 648, 341, 715]","[739, 665, 779, 778]"
50,551,"[737, 267, 773, 311]","[1572, 566, 1644, 668]"
50,552,"[369, 459, 402, 512]","[914, 600, 962, 697]"
50,553,"[513, 228, 549, 278]","[1059, 546, 1116, 635]"
50,554,"[737, 267, 773, 311]","[1511, 497, 1570, 581]"
50,555,"[1699, 361, 1720, 416]","[1542, 464, 1579, 533]"
50,556,"[737, 267, 773, 311]","[1046, 537, 1107, 624]"
50,557,"[359, 370, 383, 427]","[1369, 505, 1402, 578]"
50,558,"[359, 370, 383, 427]","[1345, 494, 1394, 549]"
50,559,"[359, 370, 383, 427]","[1345, 496, 1399, 572]"
50,560,"[359, 370, 383, 427]","[505, 533, 547, 622]"
